setting,vpp,n,r_mean,r_median,rmse_mean,mae_mean,bias_mean
yfit_10_fit1_smooth1000.0_season2_seapar0.9,AMPL,88,1.0,1.0,321.6214618736019,227.42071666595456,227.12539015006817
yfit_10_fit1_smooth1000.0_season2_seapar0.9,EOSD,88,1.0,1.0,376.3429444441659,266.1146480681818,236.64975761363638
yfit_10_fit1_smooth1000.0_season2_seapar0.9,EOSV,88,1.0,1.0,321.49317232959487,227.3300022594318,227.24400631215906
yfit_10_fit1_smooth1000.0_season2_seapar0.9,LENGTH,88,1.0,1.0,351.2534772542263,248.37371568181817,218.08742772727274
yfit_10_fit1_smooth1000.0_season2_seapar0.9,LSLOPE,88,1.0,1.0,321.38520016526405,227.25365440985414,227.24724062127655
yfit_10_fit1_smooth1000.0_season2_seapar0.9,MAXV,88,1.0,1.0,321.5581134197513,227.3759225446591,227.18237543738636
yfit_10_fit1_smooth1000.0_season2_seapar0.9,MINV,88,1.0,1.0,321.5291002177771,227.3554071127992,227.30698528657194
yfit_10_fit1_smooth1000.0_season2_seapar0.9,RSLOPE,88,1.0,1.0,321.38574257676896,227.25403795270742,227.24737430963117
yfit_10_fit1_smooth1000.0_season2_seapar0.9,SOSD,88,1.0,1.0,376.46435112367703,266.2004955545454,245.81232987727273
yfit_10_fit1_smooth1000.0_season2_seapar0.9,SOSV,88,1.0,1.0,321.49138683354636,227.32873972306817,227.2453544169318
yfit_10_fit1_smooth1000.0_season2_seapar0.9,SPROD,88,1.0,1.0,374.75492509563725,264.9917488181818,196.3150948409091
yfit_10_fit1_smooth1000.0_season2_seapar0.9,TPROD,88,1.0,1.0,368.3723303870606,260.4785728181818,203.2916255227273
yfit_11_fit2_smooth100.0_season1_seapar1.0,AMPL,88,0.9393939393939394,1.0,1995.0870578651106,1477.3194011345113,568.001032413375
yfit_11_fit2_smooth100.0_season1_seapar1.0,EOSD,88,0.8181818181818182,1.0,2098.7133671274464,1556.8177158636363,599.8226413181818
yfit_11_fit2_smooth100.0_season1_seapar1.0,EOSV,88,0.9393939393939394,1.0,1995.0059200155135,1477.2544783748408,568.1662905227954
yfit_11_fit2_smooth100.0_season1_seapar1.0,LENGTH,88,0.8787878787878788,1.0,2066.7510949692023,1531.4584196136364,560.9276009772727
yfit_11_fit2_smooth100.0_season1_seapar1.0,LSLOPE,88,0.8787878787878788,1.0,1994.8483469927617,1477.1313370093133,568.1217722312471
yfit_11_fit2_smooth100.0_season1_seapar1.0,MAXV,88,1.0,1.0,1995.0959269235793,1477.321438300341,568.1044643748863
yfit_11_fit2_smooth100.0_season1_seapar1.0,MINV,88,1.0,1.0,1995.0234246804487,1477.267324533699,568.2284319584033
yfit_11_fit2_smooth100.0_season1_seapar1.0,RSLOPE,88,0.8787878787878788,1.0,1994.8487315320783,1477.1323117090953,568.121540661034
yfit_11_fit2_smooth100.0_season1_seapar1.0,SOSD,88,0.8181818181818182,1.0,2068.245731172318,1534.1123001477272,607.0200409431818
yfit_11_fit2_smooth100.0_season1_seapar1.0,SOSV,88,1.0,1.0,1995.0110890856608,1477.2589990681363,568.1666058110909
yfit_11_fit2_smooth100.0_season1_seapar1.0,SPROD,88,0.8787878787878788,1.0,1994.8946975896004,1477.167816476157,568.0923509220022
yfit_11_fit2_smooth100.0_season1_seapar1.0,TPROD,88,0.9393939393939394,1.0,1994.902349760774,1477.1716993958069,568.1123918296704
yfit_12_fit2_smooth250.0_season1_seapar1.0,AMPL,88,0.9428571428571428,1.0,1673.693592927912,1250.0595517565228,795.2590310721135
yfit_12_fit2_smooth250.0_season1_seapar1.0,EOSD,88,0.8285714285714286,1.0,1769.158601738625,1324.011690909091,834.5581943181819
yfit_12_fit2_smooth250.0_season1_seapar1.0,EOSV,88,1.0,1.0,1673.615543947826,1249.9977036373864,795.4251925592046
yfit_12_fit2_smooth250.0_season1_seapar1.0,LENGTH,88,0.8857142857142857,1.0,1732.3777294765882,1295.533750715909,794.2104365568182
yfit_12_fit2_smooth250.0_season1_seapar1.0,LSLOPE,88,0.8857142857142857,1.0,1673.4668995951106,1249.880335316325,795.3719995870507
yfit_12_fit2_smooth250.0_season1_seapar1.0,MAXV,88,1.0,1.0,1673.7015699523756,1250.0616029581818,795.3681937461365
yfit_12_fit2_smooth250.0_season1_seapar1.0,MINV,88,1.0,1.0,1673.6397845906993,1250.015230834442,795.4841626783419
yfit_12_fit2_smooth250.0_season1_seapar1.0,RSLOPE,88,1.0,1.0,1673.4677172400932,1249.88099692924,795.371798548177
yfit_12_fit2_smooth250.0_season1_seapar1.0,SOSD,88,0.8285714285714286,1.0,1749.6895825365077,1309.1173454488637,835.7227620397728
yfit_12_fit2_smooth250.0_season1_seapar1.0,SOSV,88,1.0,1.0,1673.6231327302578,1250.003532224773,795.4271638684091
yfit_12_fit2_smooth250.0_season1_seapar1.0,SPROD,88,0.8857142857142857,1.0,1673.5117683083024,1249.9157884602341,795.3436776614385
yfit_12_fit2_smooth250.0_season1_seapar1.0,TPROD,88,0.8857142857142857,1.0,1673.5188527313853,1249.9197012559057,795.3646248310034
yfit_13_fit2_smooth500.0_season1_seapar1.0,AMPL,88,0.9428571428571428,1.0,1607.1352723861137,1136.433875982182,681.6370910072955
yfit_13_fit2_smooth500.0_season1_seapar1.0,EOSD,88,0.8285714285714286,1.0,1698.1378878567991,1204.345063409091,713.9029022727274
yfit_13_fit2_smooth500.0_season1_seapar1.0,EOSV,88,1.0,1.0,1607.0526599582752,1136.3656065813068,681.7913507319886
yfit_13_fit2_smooth500.0_season1_seapar1.0,LENGTH,88,0.8857142857142857,1.0,1664.4759080749463,1180.8403622727271,674.2579737272728
yfit_13_fit2_smooth500.0_season1_seapar1.0,LSLOPE,88,0.8857142857142857,1.0,1606.9063036633079,1136.2548398974448,681.7469901587301
yfit_13_fit2_smooth500.0_season1_seapar1.0,MAXV,88,1.0,1.0,1607.139581889908,1136.4288450692045,681.7354640680683
yfit_13_fit2_smooth500.0_season1_seapar1.0,MINV,88,1.0,1.0,1607.0765298260512,1136.3838143701591,681.8483730648613
yfit_13_fit2_smooth500.0_season1_seapar1.0,RSLOPE,88,1.0,1.0,1606.9067266555057,1136.2550357767839,681.7472373815305
yfit_13_fit2_smooth500.0_season1_seapar1.0,SOSD,88,0.8285714285714286,1.0,1681.797894274805,1193.570215022727,721.394926340909
yfit_13_fit2_smooth500.0_season1_seapar1.0,SOSV,88,1.0,1.0,1607.0593426643356,1136.3703669093636,681.7924864064091
yfit_13_fit2_smooth500.0_season1_seapar1.0,SPROD,88,0.8857142857142857,1.0,1606.9509083337646,1136.2901378316192,681.7184165944376
yfit_13_fit2_smooth500.0_season1_seapar1.0,TPROD,88,0.8857142857142857,1.0,1606.9573408978567,1136.2925904757726,681.7350504833637
yfit_14_fit2_smooth1000.0_season1_seapar1.0,AMPL,88,0.9428571428571428,1.0,1673.6972726353058,1250.060938512375,795.2655618240568
yfit_14_fit2_smooth1000.0_season1_seapar1.0,EOSD,88,0.8285714285714286,1.0,1762.0270872018075,1318.2566948409092,830.3519089318182
yfit_14_fit2_smooth1000.0_season1_seapar1.0,EOSV,88,1.0,1.0,1673.6182047574491,1249.9998858110228,795.4208037787502
yfit_14_fit2_smooth1000.0_season1_seapar1.0,LENGTH,88,0.8857142857142857,1.0,1734.9546431057556,1298.8083807045455,790.1305784545453
yfit_14_fit2_smooth1000.0_season1_seapar1.0,LSLOPE,88,0.8857142857142857,1.0,1673.4659327595143,1249.8794440656511,795.3726519685285
yfit_14_fit2_smooth1000.0_season1_seapar1.0,MAXV,88,1.0,1.0,1673.70350410409,1250.0620855501136,795.3671928042045
yfit_14_fit2_smooth1000.0_season1_seapar1.0,MINV,88,1.0,1.0,1673.6402418018158,1250.015255934583,795.4766309815442
yfit_14_fit2_smooth1000.0_season1_seapar1.0,RSLOPE,88,1.0,1.0,1673.4658751417448,1249.8793350244648,795.3722359631273
yfit_14_fit2_smooth1000.0_season1_seapar1.0,SOSD,88,0.8285714285714286,1.0,1743.4624895207269,1304.2695769431818,835.5963311931818
yfit_14_fit2_smooth1000.0_season1_seapar1.0,SOSV,88,1.0,1.0,1673.6236294952987,1250.0036727773863,795.4230200110228
yfit_14_fit2_smooth1000.0_season1_seapar1.0,SPROD,88,0.8857142857142857,1.0,1673.5115564485056,1249.9155169090204,795.3443628227932
yfit_14_fit2_smooth1000.0_season1_seapar1.0,TPROD,88,0.8857142857142857,1.0,1673.519350870463,1249.920312531284,795.3615653139888
yfit_15_fit2_smooth2500.0_season1_seapar1.0,AMPL,88,0.9428571428571428,1.0,1673.6928704215518,1250.0565889747613,795.2635455088068
yfit_15_fit2_smooth2500.0_season1_seapar1.0,EOSD,88,0.8285714285714286,1.0,1759.8879847838728,1315.6314935227272,831.6312776136364
yfit_15_fit2_smooth2500.0_season1_seapar1.0,EOSV,88,1.0,1.0,1673.6202685889732,1250.0020573501135,795.4184879854773
yfit_15_fit2_smooth2500.0_season1_seapar1.0,LENGTH,88,0.8857142857142857,1.0,1731.5208287244743,1296.2131796818182,792.1411402954545
yfit_15_fit2_smooth2500.0_season1_seapar1.0,LSLOPE,88,0.9428571428571428,1.0,1673.4647789839655,1249.878660586507,795.3726986947382
yfit_15_fit2_smooth2500.0_season1_seapar1.0,MAXV,88,1.0,1.0,1673.7026524045907,1250.0613133242045,795.3634558792045
yfit_15_fit2_smooth2500.0_season1_seapar1.0,MINV,88,1.0,1.0,1673.6419475227676,1250.0170835906931,795.4749103676477
yfit_15_fit2_smooth2500.0_season1_seapar1.0,RSLOPE,88,1.0,1.0,1673.4647598182253,1249.8784624019756,795.3726667844766
yfit_15_fit2_smooth2500.0_season1_seapar1.0,SOSD,88,0.8285714285714286,1.0,1742.5557187037375,1303.4963260625,834.8651372443182
yfit_15_fit2_smooth2500.0_season1_seapar1.0,SOSV,88,1.0,1.0,1673.624405315851,1250.0047425369319,795.4198782614774
yfit_15_fit2_smooth2500.0_season1_seapar1.0,SPROD,88,0.8857142857142857,1.0,1673.5113575970472,1249.9146253607762,795.3444010470783
yfit_15_fit2_smooth2500.0_season1_seapar1.0,TPROD,88,0.8857142857142857,1.0,1673.51583839483,1249.9177595535034,795.3609504170192
yfit_16_fit2_smooth5000.0_season1_seapar1.0,AMPL,88,0.9428571428571428,1.0,1673.6922631356974,1250.0553065816364,795.2586990157728
yfit_16_fit2_smooth5000.0_season1_seapar1.0,EOSD,88,0.8285714285714286,1.0,1759.998675113824,1315.5678323863638,832.8516482954547
yfit_16_fit2_smooth5000.0_season1_seapar1.0,EOSV,88,1.0,1.0,1673.6220373799056,1250.0036519670455,795.4155460218183
yfit_16_fit2_smooth5000.0_season1_seapar1.0,LENGTH,88,0.8857142857142857,1.0,1729.93224443493,1294.5180222386364,793.8456850795454
yfit_16_fit2_smooth5000.0_season1_seapar1.0,LSLOPE,88,0.9428571428571428,1.0,1673.4642715933505,1249.8782402659754,795.3728814063295
yfit_16_fit2_smooth5000.0_season1_seapar1.0,MAXV,88,1.0,1.0,1673.7026222322215,1250.0613054397727,795.3575141543181
yfit_16_fit2_smooth5000.0_season1_seapar1.0,MINV,88,1.0,1.0,1673.6457112634098,1250.0204405547954,795.4738151424318
yfit_16_fit2_smooth5000.0_season1_seapar1.0,RSLOPE,88,0.9428571428571428,1.0,1673.46416293083,1249.878015803086,795.3732326339457
yfit_16_fit2_smooth5000.0_season1_seapar1.0,SOSD,88,0.8285714285714286,1.0,1741.6027780169127,1302.2439696477272,834.3809634431818
yfit_16_fit2_smooth5000.0_season1_seapar1.0,SOSV,88,1.0,1.0,1673.6244297822611,1250.0050000799886,795.4157832737386
yfit_16_fit2_smooth5000.0_season1_seapar1.0,SPROD,88,0.8857142857142857,1.0,1673.5115981793533,1249.9146080265637,795.3448832951773
yfit_16_fit2_smooth5000.0_season1_seapar1.0,TPROD,88,0.8857142857142857,1.0,1673.5151230019133,1249.917074639625,795.3609506793294
yfit_17_fit2_smooth10000.0_season1_seapar1.0,AMPL,88,0.9428571428571428,1.0,1513.0078765384796,1136.4291314761817,681.6302952589773
yfit_17_fit2_smooth10000.0_season1_seapar1.0,EOSD,88,0.8857142857142857,1.0,1592.830547602327,1195.9904407272727,714.1524850454546
yfit_17_fit2_smooth10000.0_season1_seapar1.0,EOSV,88,1.0,1.0,1512.927332510631,1136.3727531207273,681.7805378286819
yfit_17_fit2_smooth10000.0_season1_seapar1.0,LENGTH,88,0.9428571428571428,1.0,1561.3303675326936,1175.2040201363636,679.3420063636363
yfit_17_fit2_smooth10000.0_season1_seapar1.0,LSLOPE,88,1.0,1.0,1512.773540036394,1136.252546745232,681.7483188039756
yfit_17_fit2_smooth10000.0_season1_seapar1.0,MAXV,88,1.0,1.0,1512.997017238769,1136.4243041509092,681.7197881554546
yfit_17_fit2_smooth10000.0_season1_seapar1.0,MINV,88,0.9428571428571428,1.0,1512.9560633121496,1136.3911886873034,681.8394928906672
yfit_17_fit2_smooth10000.0_season1_seapar1.0,RSLOPE,88,0.8857142857142857,1.0,1512.7735931178433,1136.2526029805158,681.7484455236196
yfit_17_fit2_smooth10000.0_season1_seapar1.0,SOSD,88,0.8857142857142857,1.0,1577.3359740745043,1184.744770875,716.5604787159091
yfit_17_fit2_smooth10000.0_season1_seapar1.0,SOSV,88,0.9428571428571428,1.0,1512.9270881042894,1136.372207230523,681.7787432201591
yfit_17_fit2_smooth10000.0_season1_seapar1.0,SPROD,88,0.9428571428571428,1.0,1512.820452658347,1136.2877181533274,681.7212425838001
yfit_17_fit2_smooth10000.0_season1_seapar1.0,TPROD,88,0.9428571428571428,1.0,1512.8192646133198,1136.2880238179773,681.7346512177728
yfit_1_fit1_smooth1000.0_season1_seapar0.1,AMPL,88,0.8,1.0,1767.8404840721962,1250.0793142275909,568.0027190274091
yfit_1_fit1_smooth1000.0_season1_seapar0.1,EOSD,88,0.6,1.0,1854.216279938529,1322.2905386250002,593.7451053522727
yfit_1_fit1_smooth1000.0_season1_seapar0.1,EOSV,88,0.95,1.0,1767.7546630359132,1250.0010584753409,568.1686585957954
yfit_1_fit1_smooth1000.0_season1_seapar0.1,LENGTH,88,0.7,1.0,1824.772367039455,1300.0525586136364,562.1529497954544
yfit_1_fit1_smooth1000.0_season1_seapar0.1,LSLOPE,88,0.7,1.0,1767.5969161138846,1249.8809486345335,568.1215830703907
yfit_1_fit1_smooth1000.0_season1_seapar0.1,MAXV,88,0.8,1.0,1767.8484351304362,1250.0635930442045,568.1047784217045
yfit_1_fit1_smooth1000.0_season1_seapar0.1,MINV,88,0.75,1.0,1767.7635845484658,1250.020765936462,568.2270593982423
yfit_1_fit1_smooth1000.0_season1_seapar0.1,RSLOPE,88,0.85,1.0,1767.5967625906997,1249.8804125264971,568.1211545878905
yfit_1_fit1_smooth1000.0_season1_seapar0.1,SOSD,88,0.6,1.0,1835.7542982661705,1304.3465228227271,599.7171543454546
yfit_1_fit1_smooth1000.0_season1_seapar0.1,SOSV,88,0.75,1.0,1767.7599030329345,1250.0066455902272,568.1631792218182
yfit_1_fit1_smooth1000.0_season1_seapar0.1,SPROD,88,0.75,1.0,1767.6414396128982,1249.9194758456533,568.0923226911647
yfit_1_fit1_smooth1000.0_season1_seapar0.1,TPROD,88,0.7,1.0,1767.6468288967933,1249.9231562190114,568.1081207051477
yfit_2_fit1_smooth1000.0_season1_seapar0.3,AMPL,88,0.7894736842105263,1.0,1834.395659262679,1363.6922434283636,227.1302283099091
yfit_2_fit1_smooth1000.0_season1_seapar0.3,EOSD,88,0.6842105263157895,1.0,1918.7010913780034,1430.5944467954546,242.57987002272722
yfit_2_fit1_smooth1000.0_season1_seapar0.3,EOSV,88,0.9473684210526315,1.0,1834.3232240106229,1363.6355268577272,227.26907271704547
yfit_2_fit1_smooth1000.0_season1_seapar0.3,LENGTH,88,0.8421052631578947,1.0,1895.9971018626156,1415.2754981477271,216.37751571590914
yfit_2_fit1_smooth1000.0_season1_seapar0.3,LSLOPE,88,0.7894736842105263,1.0,1834.156603977047,1363.5054357573713,227.24697138888115
yfit_2_fit1_smooth1000.0_season1_seapar0.3,MAXV,88,0.7894736842105263,1.0,1834.4162696223575,1363.6987150437499,227.20756626306817
yfit_2_fit1_smooth1000.0_season1_seapar0.3,MINV,88,0.8421052631578947,1.0,1834.3320045189735,1363.6499107112022,227.32733795237039
yfit_2_fit1_smooth1000.0_season1_seapar0.3,RSLOPE,88,0.8421052631578947,1.0,1834.1565118941035,1363.5049704411979,227.24679131456102
yfit_2_fit1_smooth1000.0_season1_seapar0.3,SOSD,88,0.6842105263157895,1.0,1899.5284252570104,1414.1894536931818,253.45235396590914
yfit_2_fit1_smooth1000.0_season1_seapar0.3,SOSV,88,0.8421052631578947,1.0,1834.3295024548265,1363.6426523772727,227.26583149704547
yfit_2_fit1_smooth1000.0_season1_seapar0.3,SPROD,88,0.7894736842105263,1.0,1834.2032465317827,1363.542893275576,227.21720881199207
yfit_2_fit1_smooth1000.0_season1_seapar0.3,TPROD,88,0.8421052631578947,1.0,1834.2119054898446,1363.5503767046364,227.22968543975003
yfit_3_fit1_smooth1000.0_season1_seapar0.5,AMPL,88,1.0,1.0,803.6626704718975,568.2867552334545,113.49905591177271
yfit_3_fit1_smooth1000.0_season1_seapar0.5,EOSD,88,0.8947368421052632,1.0,861.4704261037149,610.4090468636364,123.93631540909095
yfit_3_fit1_smooth1000.0_season1_seapar0.5,EOSV,88,1.0,1.0,803.5562578754299,568.2069638251137,113.62699530556819
yfit_3_fit1_smooth1000.0_season1_seapar0.5,LENGTH,88,0.9473684210526315,1.0,854.4397813504983,607.3785614659091,95.38926989772727
yfit_3_fit1_smooth1000.0_season1_seapar0.5,LSLOPE,88,1.0,1.0,803.4560186424118,568.1292979806456,113.62225510739145
yfit_3_fit1_smooth1000.0_season1_seapar0.5,MAXV,88,1.0,1.0,803.6090226771053,568.2471016729546,113.56068123340907
yfit_3_fit1_smooth1000.0_season1_seapar0.5,MINV,88,1.0,1.0,803.6047622514293,568.2376949829318,113.68662531874082
yfit_3_fit1_smooth1000.0_season1_seapar0.5,RSLOPE,88,1.0,1.0,803.4557741959451,568.1290825256265,113.62194591192579
yfit_3_fit1_smooth1000.0_season1_seapar0.5,SOSD,88,0.8947368421052632,1.0,857.0007197510541,608.1458693556817,142.17204417386367
yfit_3_fit1_smooth1000.0_season1_seapar0.5,SOSV,88,1.0,1.0,803.562446993723,568.2106012641362,113.62031125018184
yfit_3_fit1_smooth1000.0_season1_seapar0.5,SPROD,88,0.9473684210526315,1.0,803.5016319754704,568.1635346740579,113.59159009164664
yfit_3_fit1_smooth1000.0_season1_seapar0.5,TPROD,88,0.9473684210526315,1.0,803.5002333305438,568.1624276735795,113.59860169298862
yfit_4_fit1_smooth1000.0_season1_seapar0.7,AMPL,88,1.0,1.0,964.349481473524,681.9089635634205,-0.1255578300568552
yfit_4_fit1_smooth1000.0_season1_seapar0.7,EOSD,88,0.8918918918918919,1.0,1021.5133206754513,723.59027775,7.29311247727268
yfit_4_fit1_smooth1000.0_season1_seapar0.7,EOSV,88,1.0,1.0,964.2525747326331,681.836344005341,-0.0031360287500119006
yfit_4_fit1_smooth1000.0_season1_seapar0.7,LENGTH,88,0.9459459459459459,1.0,1015.5569475590223,721.3493701931818,-18.267505875000044
yfit_4_fit1_smooth1000.0_season1_seapar0.7,LSLOPE,88,1.0,1.0,964.146056666924,681.7543825751115,-0.002740828041958971
yfit_4_fit1_smooth1000.0_season1_seapar0.7,MAXV,88,1.0,1.0,964.3057751958172,681.8765137169319,-0.06849066125000615
yfit_4_fit1_smooth1000.0_season1_seapar0.7,MINV,88,0.9459459459459459,1.0,964.291560749839,681.8604550603886,0.05706717059995801
yfit_4_fit1_smooth1000.0_season1_seapar0.7,RSLOPE,88,1.0,1.0,964.14572447211,681.7541630260029,-0.003040980029397426
yfit_4_fit1_smooth1000.0_season1_seapar0.7,SOSD,88,0.8918918918918919,1.0,1013.544110493362,718.8977045556818,25.560616601136402
yfit_4_fit1_smooth1000.0_season1_seapar0.7,SOSV,88,1.0,1.0,964.257323948282,681.8387974572727,-0.008287456590907304
yfit_4_fit1_smooth1000.0_season1_seapar0.7,SPROD,88,0.9459459459459459,1.0,964.1906717565519,681.78775618905,-0.0327538077545883
yfit_4_fit1_smooth1000.0_season1_seapar0.7,TPROD,88,0.9459459459459459,1.0,964.1893427828094,681.7867361223296,-0.02564508914773259
yfit_5_fit1_smooth1000.0_season1_seapar0.9,AMPL,88,1.0,1.0,1285.7308344334851,909.1608328224885,227.13779644701134
yfit_5_fit1_smooth1000.0_season1_seapar0.9,EOSD,88,0.8857142857142857,1.0,1350.700569467211,956.3446061931819,238.03774801136362
yfit_5_fit1_smooth1000.0_season1_seapar0.9,EOSV,88,1.0,1.0,1285.6615632628657,909.1070618911818,227.26360046472726
yfit_5_fit1_smooth1000.0_season1_seapar0.9,LENGTH,88,0.9428571428571428,1.0,1338.761471030756,949.7190056931818,213.57189703409088
yfit_5_fit1_smooth1000.0_season1_seapar0.9,LSLOPE,88,1.0,1.0,1285.526413909568,909.0046609167867,227.24718257605173
yfit_5_fit1_smooth1000.0_season1_seapar0.9,MAXV,88,1.0,1.0,1285.718474913619,909.1504448782954,227.2053917089773
yfit_5_fit1_smooth1000.0_season1_seapar0.9,MINV,88,0.9428571428571428,1.0,1285.6855040269763,909.1200862435413,227.3175952622004
yfit_5_fit1_smooth1000.0_season1_seapar0.9,RSLOPE,88,1.0,1.0,1285.525761187844,909.0040407591085,227.24746070530963
yfit_5_fit1_smooth1000.0_season1_seapar0.9,SOSD,88,0.8857142857142857,1.0,1335.3116347122614,946.2767203954546,251.71585132727276
yfit_5_fit1_smooth1000.0_season1_seapar0.9,SOSV,88,1.0,1.0,1285.662230683226,909.1067700842045,227.25938650420457
yfit_5_fit1_smooth1000.0_season1_seapar0.9,SPROD,88,0.9428571428571428,1.0,1285.5701420229618,909.0373735134693,227.2188672613489
yfit_5_fit1_smooth1000.0_season1_seapar0.9,TPROD,88,0.9428571428571428,1.0,1285.5692159759694,909.0365819350568,227.22924829107953
yfit_6_fit1_smooth1000.0_season2_seapar0.1,AMPL,88,0.4634146341463415,0.9999999999999999,2732.004977470835,1931.8805467288862,-341.0459322420454
yfit_6_fit1_smooth1000.0_season2_seapar0.1,EOSD,88,0.2682926829268293,1.0,2846.087442714471,2042.363094,-339.79528275
yfit_6_fit1_smooth1000.0_season2_seapar0.1,EOSV,88,0.36585365853658536,1.0,2731.97650063549,1931.833852474591,-340.8924515998181
yfit_6_fit1_smooth1000.0_season2_seapar0.1,LENGTH,88,0.36585365853658536,1.0,2774.6394643553067,1982.9761321022727,-348.83197528409096
yfit_6_fit1_smooth1000.0_season2_seapar0.1,LSLOPE,88,0.5121951219512195,1.0,2731.736187894572,1931.6310793243463,-340.879093147669
yfit_6_fit1_smooth1000.0_season2_seapar0.1,MAXV,88,0.35,1.0,2732.0686143730336,1931.9078179675,-340.9805982809091
yfit_6_fit1_smooth1000.0_season2_seapar0.1,MINV,88,0.4634146341463415,1.0,2731.9409034835103,1931.8231507556288,-340.80966603898486
yfit_6_fit1_smooth1000.0_season2_seapar0.1,RSLOPE,88,0.4146341463414634,1.0,2731.736830065345,1931.6309096967213,-340.87913832404075
yfit_6_fit1_smooth1000.0_season2_seapar0.1,SOSD,88,0.26829268292682923,1.0,2821.0064563431038,2010.3644874056818,-331.83830708749997
yfit_6_fit1_smooth1000.0_season2_seapar0.1,SOSV,88,0.4634146341463415,1.0,2731.9721257257443,1931.8288798380681,-340.89781271874995
yfit_6_fit1_smooth1000.0_season2_seapar0.1,SPROD,88,0.3170731707317073,1.0,2770.799264723822,1970.5593627715907,-369.5568643625
yfit_6_fit1_smooth1000.0_season2_seapar0.1,TPROD,88,0.21951219512195122,1.0,2776.4051317791773,1981.374078931818,-361.02357288636364
yfit_7_fit1_smooth1000.0_season2_seapar0.3,AMPL,88,0.6097560975609756,1.0,2410.6262728417846,1704.6203796176817,-113.77943452925001
yfit_7_fit1_smooth1000.0_season2_seapar0.3,EOSD,88,0.36585365853658536,1.0,2515.2522651200384,1803.7771084659091,-100.87422039772733
yfit_7_fit1_smooth1000.0_season2_seapar0.3,EOSV,88,0.5609756097560976,1.0,2410.5677162251172,1704.5540472320909,-113.6338227093636
yfit_7_fit1_smooth1000.0_season2_seapar0.3,LENGTH,88,0.5121951219512195,1.0,2451.417123281644,1749.8484704204545,-120.12833589772727
yfit_7_fit1_smooth1000.0_season2_seapar0.3,LSLOPE,88,0.6585365853658537,1.0,2410.3564522993724,1704.381138732377,-113.62902307329263
yfit_7_fit1_smooth1000.0_season2_seapar0.3,MAXV,88,0.55,1.0,2410.661283563138,1704.623719023409,-113.71195040204542
yfit_7_fit1_smooth1000.0_season2_seapar0.3,MINV,88,0.6097560975609756,1.0,2410.536131999437,1704.5452193110038,-113.55751587426893
yfit_7_fit1_smooth1000.0_season2_seapar0.3,RSLOPE,88,0.5609756097560976,1.0,2410.356854918484,1704.3809730510895,-113.62841764924073
yfit_7_fit1_smooth1000.0_season2_seapar0.3,SOSD,88,0.36585365853658536,1.0,2494.49960136214,1778.120208155682,-94.37088383750002
yfit_7_fit1_smooth1000.0_season2_seapar0.3,SOSV,88,0.7560975609756098,1.0,2410.565838537461,1704.5491540098863,-113.63564356670457
yfit_7_fit1_smooth1000.0_season2_seapar0.3,SPROD,88,0.5121951219512195,1.0,2453.4133539944214,1742.0911146181818,-141.67943362954546
yfit_7_fit1_smooth1000.0_season2_seapar0.3,TPROD,88,0.4146341463414634,1.0,2455.3704404874215,1748.685965125,-132.91159823863634
yfit_8_fit1_smooth1000.0_season2_seapar0.5,AMPL,88,0.8536585365853658,1.0,1446.4642546860139,1022.8307714890453,113.48399710709091
yfit_8_fit1_smooth1000.0_season2_seapar0.5,EOSD,88,0.6585365853658537,1.0,1528.2383891983438,1092.0425838636363,122.95295704545451
yfit_8_fit1_smooth1000.0_season2_seapar0.5,EOSV,88,0.8048780487804879,1.0,1446.3643124034293,1022.7478570895909,113.61174483904546
yfit_8_fit1_smooth1000.0_season2_seapar0.5,LENGTH,88,0.8048780487804879,1.0,1483.3620755528307,1057.5224395227272,104.24434797727271
yfit_8_fit1_smooth1000.0_season2_seapar0.5,LSLOPE,88,0.8048780487804879,1.0,1446.215958921401,1022.6302491381481,113.62116410961715
yfit_8_fit1_smooth1000.0_season2_seapar0.5,MAXV,88,0.85,1.0,1446.4386003145619,1022.8046037478409,113.5422244755682
yfit_8_fit1_smooth1000.0_season2_seapar0.5,MINV,88,0.8048780487804879,1.0,1446.3680161565173,1022.7540854936175,113.68322736652652
yfit_8_fit1_smooth1000.0_season2_seapar0.5,RSLOPE,88,0.8048780487804879,1.0,1446.216138047959,1022.6299777899093,113.62218828851678
yfit_8_fit1_smooth1000.0_season2_seapar0.5,SOSD,88,0.6585365853658537,1.0,1515.791764496309,1078.6785359636363,132.33360905909092
yfit_8_fit1_smooth1000.0_season2_seapar0.5,SOSV,88,0.8048780487804879,1.0,1446.3657827428824,1022.7448636662501,113.61370700806815
yfit_8_fit1_smooth1000.0_season2_seapar0.5,SPROD,88,0.7560975609756098,1.0,1493.8582938322122,1061.4176555159092,82.74376281590908
yfit_8_fit1_smooth1000.0_season2_seapar0.5,TPROD,88,0.7560975609756098,1.0,1492.185251136395,1061.9350511136363,89.98061034090907
yfit_9_fit1_smooth1000.0_season2_seapar0.7,AMPL,88,0.9512195121951219,1.0,643.0081152360298,454.6878189252728,-0.1417121092499571
yfit_9_fit1_smooth1000.0_season2_seapar0.7,EOSD,88,0.9024390243902439,1.0,705.9643247072715,504.63384500000006,6.213356136363601
yfit_9_fit1_smooth1000.0_season2_seapar0.7,EOSV,88,0.9024390243902439,1.0,642.8889822232278,454.5931915089773,-0.015117658977283106
yfit_9_fit1_smooth1000.0_season2_seapar0.7,LENGTH,88,0.9024390243902439,1.0,674.0588538216338,479.03440393181813,-7.742168704545477
yfit_9_fit1_smooth1000.0_season2_seapar0.7,LSLOPE,88,0.9024390243902439,1.0,642.7658832715204,454.5044946906121,-0.003599659481400186
yfit_9_fit1_smooth1000.0_season2_seapar0.7,MAXV,88,0.95,1.0,642.9568249544377,454.6434468169318,-0.0851488348863673
yfit_9_fit1_smooth1000.0_season2_seapar0.7,MINV,88,0.9024390243902439,1.0,642.9032279772442,454.6093367376174,0.05656327389014657
yfit_9_fit1_smooth1000.0_season2_seapar0.7,RSLOPE,88,0.9512195121951219,1.0,642.765779158944,454.50421609990065,-0.002803837561982623
yfit_9_fit1_smooth1000.0_season2_seapar0.7,SOSD,88,0.9024390243902439,1.0,701.8994112233546,499.3881180886364,13.955525138636375
yfit_9_fit1_smooth1000.0_season2_seapar0.7,SOSV,88,0.9512195121951219,1.0,642.8863790929311,454.5910743148863,-0.013467896931815694
yfit_9_fit1_smooth1000.0_season2_seapar0.7,SPROD,88,0.9024390243902439,1.0,693.6790432842841,491.19547003409093,-29.70592932954548
yfit_9_fit1_smooth1000.0_season2_seapar0.7,TPROD,88,0.9024390243902439,1.0,689.0454840184289,488.4781109886364,-22.201931079545453
