TIMESTAMP,NEE_VUT_MEAN_QC,GPP_NT_VUT_REF,GPP_DT_VUT_REF,GPP_NT_VUT_MEAN,GPP_DT_VUT_MEAN,GPP_NT_CUT_MEAN,GPP_DT_CUT_MEAN,database,zScore_DTvsNT_VUT
2022-01-08,0.921354,1.06837,0.674599,1.09906,0.673116,1.09205,0.652643,fluxnet_archive,0.09067242620590345
2022-01-10,0.946875,0.72048,0.471496,0.773726,0.470275,0.711623,0.451425,fluxnet_archive,0.0024845212383009627
2022-01-11,0.979167,0.514078,0.464513,0.532226,0.463299,0.548935,0.44467,fluxnet_archive,0.16635925125989923
2022-01-12,0.8125,0.773671,0.537612,0.779237,0.53625,0.756257,0.515321,fluxnet_archive,0.04104607631389491
2022-01-13,1.0,0.247269,0.673974,0.219419,0.675536,0.252478,0.652186,fluxnet_archive,0.5443606911447084
2022-01-14,,0.999537,0.92382,0.990047,0.937922,1.00041,0.915586,fluxnet_archive,0.17845572354211664
2022-01-15,,0.875898,0.855511,0.988394,0.878727,0.93722,0.85545,fluxnet_archive,0.1370287976961843
2022-01-16,,0.79072,0.599202,0.77535,0.625663,0.769791,0.608363,fluxnet_archive,0.10821670266378688
2022-01-17,,1.01813,0.792307,0.999257,0.842149,1.00241,0.835354,fluxnet_archive,0.10287401007919372
2022-01-18,,0.964233,0.423738,0.940076,0.447502,0.963246,0.439857,fluxnet_archive,0.13864218862491
2022-01-19,,0.646059,0.0744296,0.628889,0.0755163,0.628725,0.0745222,fluxnet_archive,0.18241375089992806
2022-01-21,,0.0162687,0.572743,0.0682006,0.565093,0.0453639,0.563812,fluxnet_archive,0.5737166306695464
2022-01-22,,0.17924,0.707739,0.127131,0.699515,0.113495,0.700114,fluxnet_archive,0.6280662347012239
2022-01-26,,0.0922603,1.06917,0.0586267,1.06046,0.0372726,1.06273,fluxnet_archive,0.9372449964002879
2022-01-27,1.0,0.80165,1.04634,0.700021,1.04034,0.649591,1.04071,fluxnet_archive,0.460992800575954
2022-01-28,0.958333,0.611534,1.10298,0.561571,1.09817,0.532931,1.09687,fluxnet_archive,0.6023030957523399
2022-01-29,1.0,0.316539,0.832147,0.311114,0.837233,0.308549,0.832361,fluxnet_archive,0.5947580993520518
2022-01-30,1.0,0.26227,0.977916,0.287517,0.981293,0.297688,0.975221,fluxnet_archive,0.7154614830813535
2022-01-31,0.939583,0.253498,0.789058,0.455937,0.799827,0.470284,0.790772,fluxnet_archive,0.46356371490280773
2022-02-01,1.0,0.297902,0.657902,0.344177,0.672892,0.364411,0.661883,fluxnet_archive,0.452638588912887
2022-02-02,,1.3593,0.808182,1.22161,0.82456,1.15011,0.810585,fluxnet_archive,0.06987041036717072
2022-02-05,,0.249338,0.663901,0.332934,0.703604,0.37461,0.695675,fluxnet_archive,0.48284377249820015
2022-02-06,,0.440322,0.725447,0.49884,0.779728,0.527601,0.782281,fluxnet_archive,0.41820590352771775
2022-02-07,,1.1501,0.769929,1.19119,0.841211,1.2076,0.863924,fluxnet_archive,0.03598200143988477
2022-02-08,,0.53424,0.756255,0.538231,0.808921,0.541364,0.83142,fluxnet_archive,0.4108639308855291
2022-02-09,,0.32607,0.804529,0.324705,0.818946,0.327767,0.829224,fluxnet_archive,0.5718077753779698
2022-02-10,1.0,1.16424,0.916755,1.17405,0.897511,1.17601,0.896121,fluxnet_archive,0.016890568754499565
2022-02-12,1.0,1.84003,1.02716,1.84653,0.971829,1.84722,0.954024,fluxnet_archive,0.4137516198704103
2022-02-13,,0.377413,0.67362,0.37951,0.676014,0.380295,0.671405,fluxnet_archive,0.4294485241180705
2022-02-14,,1.39322,0.958303,1.38624,0.910705,1.3921,0.895897,fluxnet_archive,0.12637508999280053
2022-02-15,,1.76804,1.18229,1.76784,1.05736,1.77647,1.02873,fluxnet_archive,0.29552195824334054
2022-02-16,,2.01099,0.9332,1.99096,0.803632,1.94434,0.777603,fluxnet_archive,0.6388250539956802
2022-02-17,1.0,1.05913,1.04334,1.04988,0.923029,1.0663,0.904789,fluxnet_archive,0.1246573074154068
2022-02-18,0.979167,0.621841,0.710468,0.60767,0.620036,0.589857,0.606209,fluxnet_archive,0.22488552915766738
2022-02-19,1.0,2.58927,0.782072,2.58123,0.698488,2.59039,0.685044,fluxnet_archive,1.1394830813534917
2022-02-20,,1.51272,0.628173,1.45886,0.569212,1.45848,0.553629,fluxnet_archive,0.4245125989920806
2022-02-21,,0.535416,0.854651,0.534061,0.825607,0.542649,0.803223,fluxnet_archive,0.42587904967602586
2022-02-22,,1.68459,0.752991,1.60149,0.753091,1.61398,0.732136,fluxnet_archive,0.3948156947444205
2022-02-23,,1.43865,0.987594,1.43475,1.03081,1.44148,1.01769,fluxnet_archive,0.07483081353491719
2022-02-24,,0.648802,0.574126,0.631586,0.608032,0.631966,0.598397,fluxnet_archive,0.1990251979841613
2022-02-25,1.0,1.5529,1.01878,1.50334,1.03127,1.42857,1.0112,fluxnet_archive,0.12388048956083514
2022-02-26,0.978125,1.18056,1.08192,1.13798,1.0796,1.11719,1.07395,fluxnet_archive,0.17395248380129583
2022-02-27,0.995833,0.708916,1.16137,0.762787,1.16377,0.792924,1.18826,fluxnet_archive,0.5046673866090712
2022-02-28,1.0,1.45626,1.09254,1.47395,1.10693,1.4695,1.14983,fluxnet_archive,0.048250539956803555
2022-03-01,1.0,1.3514,0.361996,1.26409,0.370381,1.20949,0.424582,fluxnet_archive,0.4274362850971921
2022-03-02,0.997917,0.949054,0.922881,0.999278,0.904791,1.00077,0.941253,fluxnet_archive,0.14795752339812815
2022-03-03,0.997917,0.953199,1.21065,1.04001,1.11619,1.06447,1.12477,fluxnet_archive,0.2708279337652987
2022-03-04,1.0,1.07821,1.27697,1.15333,1.14715,1.17635,1.14213,fluxnet_archive,0.21153347732181418
2022-03-05,,1.04021,1.05922,1.2419,0.932684,1.22214,0.923518,fluxnet_archive,0.006634989200863972
2022-03-06,1.0,1.1764,1.17251,1.24312,1.09235,1.24675,1.07963,fluxnet_archive,0.10743700503959677
2022-03-07,0.984375,1.11085,1.10954,1.21243,1.06189,1.19797,1.04137,fluxnet_archive,0.10760259179265666
2022-03-08,1.0,1.02935,1.1297,1.24586,1.09894,1.2245,1.07876,fluxnet_archive,0.11020878329733624
2022-03-09,0.991667,1.18179,1.20794,1.20039,1.179,1.19777,1.16651,fluxnet_archive,0.20058315334773216
2022-03-10,1.0,1.45329,1.2146,1.44483,1.19267,1.44805,1.18613,fluxnet_archive,0.03444204463642896
2022-03-11,,0.83711,1.28315,0.823195,1.269,0.827208,1.26542,fluxnet_archive,0.5369366450683944
2022-03-12,,1.04424,1.20863,1.04055,1.2051,1.03268,1.20205,fluxnet_archive,0.33444924406047516
2022-03-13,,1.0972,1.21974,1.09795,1.222,1.09062,1.21606,fluxnet_archive,0.3052915766738661
2022-03-14,,1.29447,1.15944,1.29999,1.17583,1.28557,1.15987,fluxnet_archive,0.12659467242620587
2022-03-15,,2.06075,1.84955,2.06289,1.91369,2.00408,1.87355,fluxnet_archive,0.10856731461483081
2022-03-16,,1.69948,1.82717,1.67496,1.8866,1.60832,1.82151,fluxnet_archive,0.3683513318934486
2022-03-17,,0.119399,1.06169,0.116781,1.10033,0.103543,1.04414,fluxnet_archive,0.9240813534917207
2022-03-18,1.0,1.9382,2.7953,1.93398,2.80915,1.91588,2.75074,fluxnet_archive,0.84605471562275
2022-03-19,0.941667,1.61739,2.62354,1.67728,2.62576,1.62179,2.60747,fluxnet_archive,0.8988336933045357
2022-03-20,0.957812,2.94287,2.54827,2.91791,2.56453,2.86406,2.57908,fluxnet_archive,0.03843052555795539
2022-03-21,1.0,2.47971,2.08203,2.47074,2.13262,2.4261,2.16777,fluxnet_archive,0.027444204463642898
2022-03-22,0.942708,2.45787,2.60005,2.45064,2.65639,2.40032,2.66841,fluxnet_archive,0.36411087113030965
2022-03-23,0.979167,2.19405,3.33163,2.17904,3.35365,2.11848,3.2921,fluxnet_archive,1.0616342692584593
2022-03-24,0.979688,2.39831,3.54036,2.41708,3.52673,2.38152,3.43523,fluxnet_archive,1.0148668106551477
2022-03-25,1.0,2.67109,3.11543,2.65719,3.06468,2.60818,2.98484,fluxnet_archive,0.5093520518358533
2022-03-26,,2.22378,2.87423,2.21305,2.84249,2.19922,2.78901,fluxnet_archive,0.6691432685385171
2022-03-27,,2.46468,2.82255,2.43125,2.86816,2.40923,2.84444,fluxnet_archive,0.5305327573794097
2022-03-28,,1.67961,1.95787,1.65178,2.02803,1.63554,2.03164,fluxnet_archive,0.4868610511159109
2022-03-29,1.0,1.58856,2.08175,1.58016,2.05362,1.56598,2.0591,fluxnet_archive,0.5568466522678186
2022-03-30,0.825521,1.21484,1.22123,1.19191,1.21066,1.1455,1.22444,fluxnet_archive,0.22948164146868252
2022-03-31,0.892188,2.56285,1.19871,2.59867,1.1981,2.56476,1.21065,fluxnet_archive,0.7923470122390207
2022-04-01,0.869792,3.44986,1.50656,3.41291,1.55074,3.36543,1.557,fluxnet_archive,1.1246724262059036
2022-04-02,0.879688,2.9754,2.65695,2.99966,2.73871,2.98632,2.72921,fluxnet_archive,0.028113750899928146
2022-04-03,1.0,3.73951,2.554,3.72729,2.62293,3.75923,2.6092,fluxnet_archive,0.5790928725701942
2022-04-04,,1.52308,1.28236,1.43242,1.30363,1.50942,1.29479,fluxnet_archive,0.1232613390928726
2022-04-05,,3.29596,2.18869,3.24753,2.19312,3.29619,2.18987,fluxnet_archive,0.5431317494600431
2022-04-06,,2.84593,1.22085,2.79657,1.22376,2.85388,1.22495,fluxnet_archive,0.9163498920086393
2022-04-07,,3.58967,1.75223,3.52679,1.76045,3.54681,1.76746,fluxnet_archive,1.0556803455723542
2022-04-08,,3.18461,2.57406,3.1523,2.59413,3.15974,2.60684,fluxnet_archive,0.18586753059755223
2022-04-09,,2.64492,2.61766,2.62323,2.6446,2.61526,2.6533,fluxnet_archive,0.23136789056875456
2022-04-10,,3.63326,2.73287,3.63924,2.76793,3.61756,2.77481,fluxnet_archive,0.411310295176386
2022-04-11,1.0,3.35574,3.5217,3.39577,3.51619,3.34721,3.51717,fluxnet_archive,0.3026781857451402
2022-04-12,0.916146,2.6674,3.32192,2.77991,3.2312,2.70253,3.20941,fluxnet_archive,0.5408855291576672
2022-04-13,1.0,4.1534,3.5177,4.11234,3.41344,4.07406,3.37488,fluxnet_archive,0.2871850251979839
2022-04-14,,1.44244,1.86659,1.37138,1.83255,1.34353,1.79404,fluxnet_archive,0.5479985601151907
2022-04-15,,2.13298,2.30083,2.01591,2.24897,1.99388,2.20298,fluxnet_archive,0.38377249820014403
2022-04-16,1.0,4.38704,3.98452,4.36606,3.76348,4.30616,3.67726,fluxnet_archive,0.2178401727861772
2022-04-17,0.985417,4.47088,3.90333,4.51335,3.84685,4.44418,3.71372,fluxnet_archive,0.263858891288697
2022-04-18,0.975521,4.45872,3.44858,4.44176,3.86673,4.39224,3.66967,fluxnet_archive,0.19800575953923713
2022-04-19,0.807813,3.94921,2.9979,3.93141,3.53949,3.8429,3.3671,fluxnet_archive,0.06617710583153368
2022-04-20,1.0,3.65299,2.76498,3.79392,3.0753,3.71589,3.00933,fluxnet_archive,0.3013822894168467
2022-04-21,1.0,2.99851,2.51108,3.20051,2.69979,3.11282,2.70403,fluxnet_archive,0.14450683945284365
2022-04-22,0.967708,3.26321,2.18137,3.51104,2.3618,3.43782,2.40126,fluxnet_archive,0.6114038876889847
2022-04-23,1.0,3.02311,2.57182,3.27683,2.66106,3.22603,2.70071,fluxnet_archive,0.2273362131029517
2022-04-24,1.0,2.95961,3.2248,3.42194,3.17371,3.35145,3.16956,fluxnet_archive,0.03727141828653679
2022-04-25,0.995833,3.89268,4.49742,4.03928,4.31917,4.01852,4.29174,fluxnet_archive,0.41748740100791937
2022-04-26,1.0,2.71604,2.94898,2.91774,2.74388,2.83079,2.67722,fluxnet_archive,0.09081353491720669
2022-04-27,0.999479,4.115,4.76634,4.28862,4.54901,4.23649,4.49619,fluxnet_archive,0.4034485241180707
2022-04-28,1.0,4.38375,4.61542,4.46495,4.48332,4.43928,4.45116,fluxnet_archive,0.2292080633549316
2022-04-29,,4.31925,3.91126,4.32721,3.81585,4.32324,3.79673,fluxnet_archive,0.15216702663786885
2022-04-30,,5.29025,5.14401,5.32818,5.02642,5.31027,5.01248,fluxnet_archive,0.0012670986321092997
2022-05-01,,5.65951,4.8531,5.6937,4.77818,5.68183,4.77647,fluxnet_archive,0.44313894888408917
2022-05-02,,5.32395,4.54615,5.30616,4.54907,5.30427,4.56339,fluxnet_archive,0.3290784737221021
2022-05-03,1.0,5.3837,5.65867,5.31595,5.61121,5.33987,5.61174,fluxnet_archive,0.4285529157667386
2022-05-04,0.998958,5.66271,5.90785,5.65924,5.66786,5.69378,5.61868,fluxnet_archive,0.22218862491000757
2022-05-05,0.997917,4.09626,4.22592,4.05424,3.93975,4.09521,3.88897,fluxnet_archive,0.1335565154787617
2022-05-06,1.0,6.19633,4.78884,6.08483,4.56037,6.13283,4.5262,fluxnet_archive,0.8815406767458606
2022-05-07,1.0,5.39521,4.91813,5.29059,4.76434,5.3318,4.74976,fluxnet_archive,0.16288696904247668
2022-05-08,0.999479,7.46119,3.66768,7.36048,3.61456,7.46807,3.61293,fluxnet_archive,2.4808639308855294
2022-05-11,,4.89725,1.74712,4.83148,1.74836,4.86828,1.74543,fluxnet_archive,2.003686105111591
2022-05-12,,7.8761,6.66955,7.85965,6.67401,7.84391,6.66919,fluxnet_archive,0.6376097912167028
2022-05-13,,6.71026,4.85684,6.67276,4.86095,6.65518,4.85302,fluxnet_archive,1.0884161267098635
2022-05-14,,7.30061,3.90711,7.29043,3.90876,7.2839,3.90479,fluxnet_archive,2.2186249100071995
2022-05-15,,7.02063,3.42795,7.00428,3.40078,6.92122,3.34642,fluxnet_archive,2.37832973362131
2022-05-16,,7.40999,5.14953,7.45015,5.06399,7.48021,4.90167,fluxnet_archive,1.5019150467962559
2022-05-17,1.0,7.85147,6.94392,7.78882,6.81624,7.78378,6.64839,fluxnet_archive,0.48421886249100116
2022-05-18,0.994792,9.90276,8.09829,9.96955,7.96087,10.0919,7.85314,fluxnet_archive,1.2301511879049676
2022-05-19,1.0,6.01274,5.95169,6.06083,5.76206,6.08255,5.67149,fluxnet_archive,0.0008855291576672331
2022-05-20,0.979167,7.41182,6.90709,7.4001,6.75512,7.37494,6.66765,fluxnet_archive,0.24836573074154092
2022-05-21,1.0,7.09999,8.12233,7.09793,7.96239,7.11651,7.90008,fluxnet_archive,0.8383441324694026
2022-05-22,,9.51216,9.24634,9.52876,9.06563,9.58111,9.07934,fluxnet_archive,0.11744420446364262
2022-05-23,,10.7784,9.7237,10.7157,9.57466,10.7096,9.61329,fluxnet_archive,0.6055003599712024
2022-05-24,,8.66579,7.37344,8.64407,7.34289,8.6391,7.36308,fluxnet_archive,0.720791936645068
2022-05-25,,11.6135,9.70237,11.5962,9.69901,11.5901,9.70142,fluxnet_archive,1.149884809215263
2022-05-26,,9.36218,9.0498,9.347,9.01729,9.35283,9.00842,fluxnet_archive,0.02138948884089302
2022-05-27,,6.96525,8.15146,6.97778,8.10373,6.98293,8.08839,fluxnet_archive,1.0266018718502523
2022-05-28,,7.71425,7.6886,7.71207,7.63185,7.71283,7.60936,fluxnet_archive,0.15822894168466542
2022-05-29,,9.75888,9.76564,9.7631,9.70392,9.76739,9.66767,fluxnet_archive,0.1733765298776101
2022-05-30,,7.56412,7.32744,7.7017,7.28144,7.65141,7.23484,fluxnet_archive,0.08658027357811365
2022-05-31,,7.697,8.80925,7.69934,8.78006,7.68793,8.73717,fluxnet_archive,0.994038876889849
2022-06-01,,8.59442,10.8432,8.63016,10.8711,8.65406,10.8739,fluxnet_archive,1.829330453563715
2022-06-02,,4.1869,4.90735,4.18057,4.89781,4.17684,4.87975,fluxnet_archive,0.7323542116630666
2022-06-03,,6.00507,8.50821,5.98919,8.51856,5.98827,8.48288,fluxnet_archive,2.0369834413246948
2022-06-04,1.0,7.1265,9.63765,7.11628,9.64971,7.13582,9.57272,fluxnet_archive,2.0399064074874014
2022-06-06,0.985938,7.261,9.28035,7.2267,9.34074,7.1762,9.2299,fluxnet_archive,1.7379697624190065
2022-06-07,1.0,5.18782,7.19109,5.16726,7.21256,5.14085,7.14227,fluxnet_archive,1.688480921526278
2022-06-08,,8.47828,9.67464,8.46511,9.70602,8.3532,9.66814,fluxnet_archive,1.1093664506839462
2022-06-09,,7.54904,8.85528,7.57727,8.74906,7.4949,8.74116,fluxnet_archive,1.0596040316774655
2022-06-10,,11.1189,11.7252,11.1089,11.5643,11.0351,11.5634,fluxnet_archive,0.5438444924406042
2022-06-11,,11.849,12.728,11.8583,12.6146,11.8368,12.6055,fluxnet_archive,0.7604751619870407
2022-06-12,,12.1521,10.7071,12.1463,10.6389,12.1133,10.6243,fluxnet_archive,0.8692584593232545
2022-06-13,,9.23497,11.275,9.30772,11.2643,9.2672,11.2516,fluxnet_archive,1.6246076313894893
2022-06-14,,11.4867,9.89499,11.5299,9.90941,11.502,9.8991,fluxnet_archive,0.9506767458603312
2022-06-15,,10.8431,10.4087,10.9314,10.417,10.931,10.4083,fluxnet_archive,0.1543556515478763
2022-06-16,,10.8384,12.1774,10.8739,12.1867,10.8947,12.2029,fluxnet_archive,1.1611231101511874
2022-06-17,,8.37983,8.58174,8.3528,8.65403,8.40575,8.73678,fluxnet_archive,0.4328509719222465
2022-06-18,,10.4852,10.9012,10.4301,10.9524,10.4552,11.0475,fluxnet_archive,0.5920086393088563
2022-06-19,,9.58477,9.9959,9.63203,10.0345,9.66066,10.1235,fluxnet_archive,0.5057379409647222
2022-06-20,,8.7661,9.93946,8.82313,9.97401,8.81574,10.0517,fluxnet_archive,1.0445500359971196
2022-06-21,,9.60793,10.0638,9.6452,10.093,9.65393,10.1402,fluxnet_archive,0.5383729301655861
2022-06-22,,8.10831,8.00523,8.15278,8.04052,8.15087,8.04464,fluxnet_archive,0.13516198704103732
2022-06-23,1.0,9.8135,10.0724,9.79952,10.1205,9.84206,10.0923,fluxnet_archive,0.4470698344132473
2022-06-24,0.996875,9.11329,8.75773,9.00314,8.7115,8.98232,8.5848,fluxnet_archive,0.006018718502519064
2022-06-25,0.940625,11.1006,10.4891,11.0763,10.3591,11.099,10.123,fluxnet_archive,0.30035997120230384
2022-06-26,0.999479,11.2838,9.66527,11.1758,9.57691,11.1979,9.37174,fluxnet_archive,0.9351259899208069
2022-06-27,1.0,3.55795,2.97595,3.60039,3.21398,3.61943,3.17434,fluxnet_archive,0.06221022318214554
2022-06-28,0.972917,11.3306,9.81373,11.3151,9.96585,11.41,9.93151,fluxnet_archive,0.7553995680345569
2022-06-30,0.911979,12.7272,10.9598,12.6066,10.744,12.604,10.6578,fluxnet_archive,1.124982001439885
2022-07-01,0.990625,6.81001,5.86505,6.71854,6.08813,6.74371,6.07986,fluxnet_archive,0.23787616990640775
2022-07-02,0.989583,11.8642,11.0733,11.7922,11.1199,11.7915,11.095,fluxnet_archive,0.2680345572354211
2022-07-03,0.916667,11.532,10.9665,11.4562,10.9714,11.4514,10.9488,fluxnet_archive,0.13304535637149148
2022-07-04,1.0,10.5692,9.77047,10.5315,9.78459,10.5286,9.76963,fluxnet_archive,0.3217494600431964
2022-07-05,,12.0809,10.5196,12.0559,10.4825,12.0491,10.4676,fluxnet_archive,0.9167746580273574
2022-07-06,,9.89904,9.48678,9.87914,9.43944,9.8731,9.42767,fluxnet_archive,0.10057595392368626
2022-07-07,,9.35262,10.7827,9.32096,10.7388,9.31358,10.7271,fluxnet_archive,1.2367458603311736
2022-07-08,,8.48693,7.5602,8.47669,7.54009,8.47431,7.53594,fluxnet_archive,0.4583153347732177
2022-07-09,,9.50447,10.1455,9.4944,10.1177,9.4932,10.1126,fluxnet_archive,0.6647228221742251
2022-07-10,,10.8892,10.1639,10.8928,10.1444,10.8953,10.1406,fluxnet_archive,0.322822174226062
2022-07-11,,10.9486,11.64,10.9309,11.6281,10.9229,11.6223,fluxnet_archive,0.7179265658747304
2022-07-12,,10.0694,9.08857,9.99191,9.10369,9.96432,9.10101,fluxnet_archive,0.4234845212383012
2022-07-13,,10.7276,10.8798,10.671,10.9389,10.6853,10.9398,fluxnet_archive,0.40885529157667455
2022-07-14,,11.9116,10.2171,11.8681,10.2879,11.8747,10.2943,fluxnet_archive,0.9216702663786894
2022-07-15,,11.837,9.55766,11.7951,9.6137,11.8043,9.6259,fluxnet_archive,1.3544996400287976
2022-07-16,,7.47898,10.4131,7.44672,10.4354,7.45988,10.4411,fluxnet_archive,2.3676601871850247
2022-07-17,,6.70188,8.4635,6.68473,8.41444,6.69469,8.39677,fluxnet_archive,1.461274298056156
2022-07-18,1.0,11.0898,9.02443,11.0136,9.054,11.0236,9.08461,fluxnet_archive,1.194816414686825
2022-07-19,0.990625,9.43318,8.86573,9.3306,9.37683,9.44906,9.64667,fluxnet_archive,0.2492656587472999
2022-07-20,1.0,8.92479,7.9238,8.73614,8.59418,8.73884,8.93169,fluxnet_archive,0.11377969762418935
2022-07-21,,5.43398,3.94087,5.42004,4.04498,5.44547,4.09255,fluxnet_archive,0.7739812814974805
2022-07-22,,1.92286,3.88389,1.94923,3.93848,1.98085,3.95833,fluxnet_archive,1.6481281497480202
2022-07-23,1.0,6.62453,5.55194,6.69264,5.56008,6.70198,5.56242,fluxnet_archive,0.5993952483801294
2022-07-24,0.979167,6.50704,6.12014,6.5219,6.08651,6.53795,6.06836,fluxnet_archive,0.09747300215982718
2022-07-25,1.0,5.33985,5.69455,5.25785,5.63689,5.29586,5.6033,fluxnet_archive,0.4888696904247659
2022-07-26,,7.17495,8.75943,7.16688,8.68055,7.20105,8.63774,fluxnet_archive,1.305737940964723
2022-07-27,,7.46447,7.41105,7.48704,7.35225,7.52203,7.33404,fluxnet_archive,0.11894168466522632
2022-07-28,,7.68543,7.59621,7.73576,7.58988,7.74889,7.59119,fluxnet_archive,0.11095752339812813
2022-07-29,1.0,7.42456,4.28463,7.53998,4.28227,7.53069,4.28319,fluxnet_archive,2.129380849532038
2022-07-31,1.0,4.15081,0.741512,4.1656,0.741728,4.13823,0.741852,fluxnet_archive,2.249007919366451
2022-08-02,,3.58356,2.6966,3.62768,2.90999,3.60797,2.96094,fluxnet_archive,0.30071274298056133
2022-08-03,,5.67029,5.44012,5.57578,5.79186,5.56337,5.87703,fluxnet_archive,0.3715478761699063
2022-08-04,,7.2908,6.42991,7.20094,6.78171,7.20557,6.86919,fluxnet_archive,0.08583873290136773
2022-08-05,,6.88616,7.18542,6.91993,7.42261,6.92177,7.49435,fluxnet_archive,0.5778833693304535
2022-08-06,,7.46192,7.50061,7.46891,7.58018,7.47158,7.63328,fluxnet_archive,0.2960907127429807
2022-08-07,,5.11827,5.18442,5.16226,5.21351,5.16691,5.20314,fluxnet_archive,0.25287976961843084
2022-08-08,,6.80986,7.7043,6.88284,7.79816,6.92312,7.67479,fluxnet_archive,0.8749604031677468
2022-08-09,,6.58606,6.72495,6.59622,6.88508,6.60649,6.77012,fluxnet_archive,0.42394528437725026
2022-08-10,1.0,6.1466,7.70058,6.2764,7.9449,6.4103,7.93454,fluxnet_archive,1.4172066234701224
2022-08-11,0.832292,5.2868,7.20216,5.39609,7.33568,5.55475,7.40642,fluxnet_archive,1.612375809935205
2022-08-12,0.992187,5.22617,6.2024,5.33701,5.91113,5.50567,6.03498,fluxnet_archive,0.6293160547156226
2022-08-13,0.95,4.44196,6.21875,4.65754,5.83465,4.8976,5.9739,fluxnet_archive,1.0634341252699784
2022-08-14,0.90625,2.64466,3.95795,2.68053,4.00079,2.89585,4.11496,fluxnet_archive,1.166493880489561
2022-08-15,0.933854,5.14406,6.53263,5.37831,6.91064,5.59054,7.03725,fluxnet_archive,1.3191720662347013
2022-08-16,1.0,6.28195,6.42375,5.95649,6.36781,6.21187,6.42735,fluxnet_archive,0.512109431245501
2022-08-17,0.998437,5.17796,5.70312,4.94069,5.67504,5.12156,5.72068,fluxnet_archive,0.7446724262059036
2022-08-18,0.903125,2.81532,2.30776,2.51241,2.47851,2.61564,2.52798,fluxnet_archive,0.19157667386609067
2022-08-19,0.883854,4.76505,4.48843,4.80828,4.83897,4.87984,4.8827,fluxnet_archive,0.23807775377969753
2022-08-20,1.0,6.34475,5.88819,6.07512,6.15354,6.14322,6.13334,fluxnet_archive,0.2724406047516195
2022-08-21,1.0,5.21562,5.19738,5.12176,5.29021,5.16601,5.21409,fluxnet_archive,0.3372570194384449
2022-08-23,0.846354,5.64955,6.68957,5.46681,6.66203,5.51788,6.52596,fluxnet_archive,1.0764722822174226
2022-08-24,1.0,6.24382,6.81887,6.12624,7.20436,6.156,7.1504,fluxnet_archive,0.9921670266378692
2022-08-25,,5.85398,7.06093,5.71918,7.48318,5.71363,7.47675,fluxnet_archive,1.4859611231101513
2022-08-26,,5.04788,5.59911,5.0198,5.75397,5.01714,5.74077,fluxnet_archive,0.744542836573074
2022-08-27,,5.88613,5.48737,5.93313,6.01133,5.92527,6.15602,fluxnet_archive,0.27228221742260605
2022-08-28,1.0,6.99889,2.80191,6.94593,4.14924,6.95725,4.55244,fluxnet_archive,1.7974730021598273
2022-08-29,0.995833,6.15381,2.57831,6.14456,4.24591,6.12825,4.76535,fluxnet_archive,1.1509359251259899
2022-08-30,0.979167,6.15951,3.43554,6.12102,4.68548,6.10172,5.10706,fluxnet_archive,0.8175233981281494
2022-08-31,1.0,6.24919,4.10552,6.20107,4.98059,6.15733,5.3146,fluxnet_archive,0.662692584593232
2022-09-01,1.0,5.67678,4.90236,5.63502,5.29726,5.58077,5.54553,fluxnet_archive,0.027185025197984374
2022-09-02,0.994792,6.02641,5.07608,5.82547,5.23639,5.73051,5.3917,fluxnet_archive,0.20812095032397412
2022-09-03,1.0,5.49426,4.66923,5.44958,4.80907,5.42531,4.86393,fluxnet_archive,0.24514758819294452
2022-09-04,,5.42762,4.56271,5.41959,4.70387,5.42406,4.71069,fluxnet_archive,0.2992944564434846
2022-09-05,,5.35057,4.77167,5.29244,4.914,5.29414,4.92014,fluxnet_archive,0.05647228221742285
2022-09-06,,4.86936,4.56742,4.83819,4.67045,4.83666,4.67934,fluxnet_archive,0.09521958243340516
2022-09-07,,3.12983,3.24691,3.13405,3.27332,3.10176,3.27603,fluxnet_archive,0.3162491000719944
2022-09-08,,3.00151,3.92619,2.99088,3.926,2.9907,3.90957,fluxnet_archive,0.8892152627789777
2022-09-09,,3.75764,4.85702,3.74691,4.84481,3.73004,4.78955,fluxnet_archive,1.0064074874010076
2022-09-10,1.0,4.81446,5.92433,4.81752,5.91487,4.81785,5.85565,fluxnet_archive,1.0060115190784735
2022-09-11,0.979167,4.99818,6.20376,5.00143,6.22031,4.99432,6.21649,fluxnet_archive,1.0935061195104387
2022-09-12,1.0,4.44296,4.31824,4.42878,4.33942,4.4172,4.36051,fluxnet_archive,0.1516486681065514
2022-09-13,,4.13753,5.02364,4.12009,5.03302,4.11644,5.03567,fluxnet_archive,0.8732397408207339
2022-09-14,,4.48939,4.59552,4.47933,4.59974,4.47627,4.5928,fluxnet_archive,0.30267098632109407
2022-09-15,,5.55059,5.73917,5.55441,5.73995,5.55534,5.73207,fluxnet_archive,0.3495608351331897
2022-09-16,,4.35941,5.73912,4.31173,5.78795,4.32646,5.78455,fluxnet_archive,1.2787760979121674
2022-09-17,1.0,4.66766,5.45141,4.56622,5.62751,4.60491,5.63441,fluxnet_archive,0.9800503959683223
2022-09-18,0.96875,4.88522,5.78604,4.74255,6.07024,4.78819,6.07274,fluxnet_archive,1.171843052555796
2022-09-19,0.91875,5.30499,6.27427,5.07197,6.59835,5.07649,6.57384,fluxnet_archive,1.3148884089272856
2022-09-20,0.959896,5.05989,5.9347,4.91935,6.29468,4.92436,6.23437,fluxnet_archive,1.206141108711303
2022-09-21,1.0,4.54462,4.87951,4.37171,5.23633,4.36623,5.13424,fluxnet_archive,0.8384593232541393
2022-09-22,,3.22248,2.32049,3.01324,2.71552,2.9819,2.63454,fluxnet_archive,0.0016414686825054025
2022-09-23,,3.55252,1.92767,3.33919,2.19859,3.31335,2.1287,fluxnet_archive,0.605183585313175
2022-09-24,1.0,3.91005,4.19263,3.85136,4.2312,3.8773,4.1682,fluxnet_archive,0.4894456443484523
2022-09-25,0.998958,3.84752,4.13864,3.9159,4.09871,3.91731,4.14722,fluxnet_archive,0.34759539236861015
2022-09-26,1.0,1.27174,1.57246,1.30467,1.60794,1.31316,1.68862,fluxnet_archive,0.43431965442764575
2022-09-27,0.957292,2.80123,2.57933,2.8706,2.55989,2.85799,2.61414,fluxnet_archive,0.007710583153347611
2022-09-28,0.904167,2.60954,2.0515,2.62206,2.0486,2.62614,2.08266,fluxnet_archive,0.19687544996400277
2022-09-29,1.0,3.30685,3.60953,3.4368,3.64549,3.40794,3.67274,fluxnet_archive,0.36622750179985625
2022-10-01,,2.90859,2.47219,2.86793,2.48867,2.86989,2.48873,fluxnet_archive,0.05706263498920082
2022-10-02,,3.24037,3.78685,3.17879,3.82334,3.19171,3.82521,fluxnet_archive,0.6800215982721384
2022-10-03,,4.70373,3.56925,4.68097,3.64818,4.66291,3.67151,fluxnet_archive,0.5275665946724264
2022-10-04,,5.03314,3.29798,4.99972,3.38955,5.03029,3.42485,fluxnet_archive,0.9432469402447804
2022-10-05,,2.58642,1.82693,2.549,1.88573,2.5567,1.91348,fluxnet_archive,0.26153347732181426
2022-10-06,,2.78966,3.5878,2.77023,3.64225,2.77925,3.6691,fluxnet_archive,0.8437868970482362
2022-10-07,,2.91838,3.12964,2.88975,3.15657,2.89247,3.16363,fluxnet_archive,0.4080777537796977
2022-10-08,,2.58796,3.33486,2.58082,3.34385,2.57169,3.34428,fluxnet_archive,0.7653203743700505
2022-10-09,,3.20842,2.92322,3.20515,2.92133,3.20149,2.92527,fluxnet_archive,0.011648668106551496
2022-10-10,,1.99269,1.92057,1.99197,1.90452,1.97317,1.90825,fluxnet_archive,0.15302375809935204
2022-10-11,,3.38271,3.30493,3.3593,3.25441,3.32407,3.25153,fluxnet_archive,0.14046796256299485
2022-10-12,,1.9938,2.212,2.00773,2.16283,1.99239,2.15801,fluxnet_archive,0.32764578833693303
2022-10-13,,1.92027,2.21534,1.93675,2.1799,1.90459,2.16125,fluxnet_archive,0.391036717062635
2022-10-14,,3.1462,3.22945,3.16364,3.17996,3.13805,3.15016,fluxnet_archive,0.22773218142548587
2022-10-15,,2.55205,2.99941,2.51739,2.95543,2.5011,2.90702,fluxnet_archive,0.5313462922966163
2022-10-16,,2.28083,2.74752,2.25071,2.72108,2.23242,2.67335,fluxnet_archive,0.5546220302375809
2022-10-17,,0.348858,0.818462,0.371294,0.824142,0.370657,0.808293,fluxnet_archive,0.5420071994240461
2022-10-18,1.0,2.11198,1.94343,2.1226,1.95648,2.08078,1.94368,fluxnet_archive,0.0963858891288698
2022-10-19,0.829167,2.31963,2.29172,2.28286,2.29373,2.29397,2.28073,fluxnet_archive,0.22380849532037447
2022-10-20,1.0,1.71049,2.11191,1.75762,2.10747,1.76183,2.08864,fluxnet_archive,0.46785457163426947
2022-10-21,,0.956067,0.931328,0.941533,0.926461,0.90207,0.909994,fluxnet_archive,0.2051317494600432
2022-10-22,,1.55054,1.67048,1.52459,1.67402,1.52797,1.65679,fluxnet_archive,0.3235637149028079
2022-10-23,,2.51648,2.70058,2.49314,2.72101,2.49419,2.72622,fluxnet_archive,0.38003599712023056
2022-10-24,,1.47852,2.00698,1.44638,2.01663,1.46423,2.01769,fluxnet_archive,0.6265298776097914
2022-10-25,,2.26409,2.48682,2.28191,2.50243,2.2857,2.51651,fluxnet_archive,0.37474442044636436
2022-10-26,,2.35249,2.40482,2.31864,2.41655,2.32237,2.43353,fluxnet_archive,0.2864722822174227
2022-10-27,,2.46984,2.6271,2.41552,2.63116,2.39739,2.64242,fluxnet_archive,0.3712311015118791
2022-10-28,,2.62328,3.14926,2.63067,3.11259,2.66988,3.11664,fluxnet_archive,0.5629373650107993
2022-10-29,,3.30967,3.48162,3.30135,3.36329,3.30176,3.35326,fluxnet_archive,0.2605759539236863
2022-10-30,,2.15911,2.79035,2.09857,2.61399,2.10892,2.59944,fluxnet_archive,0.5870554355651546
2022-10-31,,2.84739,3.37502,2.82831,3.08378,2.82308,3.07964,fluxnet_archive,0.3999064074874009
2022-11-01,,1.40722,2.44498,1.38628,2.26051,1.37863,2.26427,fluxnet_archive,0.8453779697624191
2022-11-02,,2.4353,2.9475,2.4116,2.87454,2.41288,2.87509,fluxnet_archive,0.5492728581713464
2022-11-03,,1.81431,1.76992,1.80639,1.77491,1.81065,1.77857,fluxnet_archive,0.1933189344852412
2022-11-04,,2.18863,1.82295,2.16889,1.84395,2.17972,1.85269,fluxnet_archive,0.017955363570914498
2022-11-05,,2.61734,2.39054,2.63157,2.41936,2.62058,2.42167,fluxnet_archive,0.0632037437005041
2022-11-06,,1.89666,1.60771,1.87557,1.62509,1.87509,1.61726,fluxnet_archive,0.03565154787616987
2022-11-07,,1.81796,1.79486,1.81621,1.80495,1.81234,1.79189,fluxnet_archive,0.20787616990640745
2022-11-08,,1.78458,1.30021,1.76413,1.30176,1.77219,1.2981,fluxnet_archive,0.11689704823614108
2022-11-09,,2.48587,1.73923,2.45894,1.73715,2.46571,1.72978,fluxnet_archive,0.30366450683945295
2022-11-10,,1.40779,1.41442,1.37344,1.41389,1.38374,1.39208,fluxnet_archive,0.24510439164866818
2022-11-11,,0.444885,1.66039,0.406515,1.66391,0.412394,1.63496,fluxnet_archive,1.1212347012239021
2022-11-12,,0.761397,1.23072,0.724447,1.23935,0.70472,1.21119,fluxnet_archive,0.5866832253419726
2022-11-13,,1.11235,1.31448,1.128,1.33339,1.08568,1.31199,fluxnet_archive,0.363851691864651
2022-11-14,,1.50547,0.959072,1.50466,0.975962,1.50881,0.96916,fluxnet_archive,0.16464938804895618
2022-11-15,,1.38518,0.420259,1.38612,0.430078,1.38827,0.434077,fluxnet_archive,0.4723124550035997
2022-11-16,,0.709036,0.106429,0.695296,0.109654,0.698965,0.112792,fluxnet_archive,0.20564578833693306
2022-11-18,1.0,1.59788,0.52519,1.57495,0.536527,1.58391,0.56922,fluxnet_archive,0.531622030237581
2022-11-19,0.879167,1.15142,0.397349,1.11461,0.407675,1.14369,0.428663,fluxnet_archive,0.2929697624190066
2022-11-20,0.959896,1.48903,0.799061,1.45114,0.835492,1.43341,0.867782,fluxnet_archive,0.2272483801295897
2022-11-21,0.875,1.3652,0.490484,1.37567,0.52392,1.35879,0.544715,fluxnet_archive,0.3972282217422606
2022-11-22,1.0,1.12185,0.158616,1.10653,0.17124,1.11032,0.179883,fluxnet_archive,0.4573722102231821
2022-11-23,,0.432827,0.141176,0.435489,0.155295,0.4348,0.16255,fluxnet_archive,0.0142591792656587
2022-11-24,,0.661373,0.2807,0.656275,0.317725,0.670918,0.329777,fluxnet_archive,0.02775377969762425
2022-11-25,1.0,0.5387,0.146096,0.508409,0.166469,0.510494,0.172917,fluxnet_archive,0.030194384449244084
2022-11-26,0.944792,1.47816,0.455263,1.498,0.529354,1.43852,0.541142,fluxnet_archive,0.48138660907127434
2022-11-27,1.0,0.841879,0.120775,0.828856,0.139418,0.824627,0.143501,fluxnet_archive,0.28037293016558673
2022-11-28,,0.514257,0.0630535,0.511128,0.0736657,0.499509,0.0755244,fluxnet_archive,0.09896493880489564
2022-11-29,,0.654415,0.116565,0.682335,0.136898,0.648146,0.138998,fluxnet_archive,0.17670050395968329
2022-11-30,1.0,0.553218,0.204897,0.530745,0.237863,0.509177,0.238589,fluxnet_archive,0.00512455003599709
2022-12-01,0.979167,0.270419,0.197356,0.260487,0.225438,0.275621,0.223638,fluxnet_archive,0.19074946004319648
2022-12-02,1.0,0.390207,0.148656,0.379031,0.170799,0.378695,0.167643,fluxnet_archive,0.0660676745860331
2022-12-04,1.0,0.146291,0.0745356,0.122475,0.091717,0.110003,0.0824691,fluxnet_archive,0.19383873290136788
2022-12-05,1.0,0.236461,0.0549979,0.222393,0.0701113,0.204555,0.0602467,fluxnet_archive,0.10634866810655146
2022-12-06,0.979688,0.083873,0.0981113,0.0982025,0.124556,0.0924853,0.107113,fluxnet_archive,0.2349557235421166
